DATE,CBETHUSD,lapse,low,high,average,median
2016-05-18,13.18
,1,12.7714.913.72599999999999913.725999999999999
2016-05-19,14.9
,1,12.7714.913.72599999999999913.725999999999999
2016-05-20,14.17
,1,12.7714.913.72599999999999913.725999999999999
2016-05-21,.
,1,12.7714.913.72599999999999913.725999999999999
2016-05-22,.
,1,12.7714.913.72599999999999913.725999999999999
2016-05-23,13.61
,1,12.7714.913.72599999999999913.725999999999999
2016-05-24,12.77
,1,12.7714.913.72599999999999913.725999999999999
2016-05-25,12.61
,2,10.9814.1612.47512.475
2016-05-26,12.47
,2,10.9814.1612.47512.475
2016-05-27,10.98
,2,10.9814.1612.47512.475
2016-05-28,12.02
,2,10.9814.1612.47512.475
2016-05-29,12.34
,2,10.9814.1612.47512.475
2016-05-30,12.88
,2,10.9814.1612.47512.475
2016-05-31,14.16
,2,10.9814.1612.47512.475
2016-06-01,13.93
,3,13.9514.5214.12333333333333314.123333333333333
2016-06-02,14.03
,3,13.9514.5214.12333333333333314.123333333333333
2016-06-03,13.98
,3,13.9514.5214.12333333333333314.123333333333333
2016-06-04,13.95
,3,13.9514.5214.12333333333333314.123333333333333
2016-06-05,14.04
,3,13.9514.5214.12333333333333314.123333333333333
2016-06-06,14.22
,3,13.9514.5214.12333333333333314.123333333333333
2016-06-07,14.52
,3,13.9514.5214.12333333333333314.123333333333333
2016-06-08,14.64
,4,13.9118.7915.8315.83
2016-06-09,14.71
,4,13.9118.7915.8315.83
2016-06-10,13.91
,4,13.9118.7915.8315.83
2016-06-11,14.1
,4,13.9118.7915.8315.83
2016-06-12,15.58
,4,13.9118.7915.8315.83
2016-06-13,17.89
,4,13.9118.7915.8315.83
2016-06-14,18.79
,4,13.9118.7915.8315.83
2016-06-15,18.42
,5,11.6420.9914.38833333333333414.388333333333334
2016-06-16,20.99
,5,11.6420.9914.38833333333333414.388333333333334
2016-06-17,15.65
,5,11.6420.9914.38833333333333414.388333333333334
2016-06-18,11.64
,5,11.6420.9914.38833333333333414.388333333333334
2016-06-19,12.35
,5,11.6420.9914.38833333333333414.388333333333334
2016-06-20,11.81
,5,11.6420.9914.38833333333333414.388333333333334
2016-06-21,13.89
,5,11.6420.9914.38833333333333414.388333333333334
2016-06-22,13.18
,6,12.2314.5513.84666666666666813.846666666666668
2016-06-23,13.81
,6,12.2314.5513.84666666666666813.846666666666668
2016-06-24,14.55
,6,12.2314.5513.84666666666666813.846666666666668
2016-06-25,14.37
,6,12.2314.5513.84666666666666813.846666666666668
2016-06-26,14.02
,6,12.2314.5513.84666666666666813.846666666666668
2016-06-27,14.1
,6,12.2314.5513.84666666666666813.846666666666668
2016-06-28,12.23
,6,12.2314.5513.84666666666666813.846666666666668
2016-06-29,12.74
,7,10.612.4911.83666666666666611.836666666666666
2016-06-30,12.49
,7,10.612.4911.83666666666666611.836666666666666
2016-07-01,12.34
,7,10.612.4911.83666666666666611.836666666666666
2016-07-02,12.09
,7,10.612.4911.83666666666666611.836666666666666
2016-07-03,12.02
,7,10.612.4911.83666666666666611.836666666666666
2016-07-04,11.48
,7,10.612.4911.83666666666666611.836666666666666
2016-07-05,10.6
,7,10.612.4911.83666666666666611.836666666666666
2016-07-06,10.61
,8,10.0811.4310.80510.805
2016-07-07,10.08
,8,10.0811.4310.80510.805
2016-07-08,11.43
,8,10.0811.4310.80510.805
2016-07-09,11.01
,8,10.0811.4310.80510.805
2016-07-10,11.02
,8,10.0811.4310.80510.805
2016-07-11,10.72
,8,10.0811.4310.80510.805
2016-07-12,10.57
,8,10.0811.4310.80510.805
2016-07-13,10.49
,9,11.0511.9911.5911.59
2016-07-14,11.62
,9,11.0511.9911.5911.59
2016-07-15,11.99
,9,11.0511.9911.5911.59
2016-07-16,11.8
,9,11.0511.9911.5911.59
2016-07-17,11.33
,9,11.0511.9911.5911.59
2016-07-18,11.05
,9,11.0511.9911.5911.59
2016-07-19,11.75
,9,11.0511.9911.5911.59
2016-07-20,12.5
,10,12.014.8313.46666666666666713.466666666666667
2016-07-21,12.76
,10,12.014.8313.46666666666666713.466666666666667
2016-07-22,14.83
,10,12.014.8313.46666666666666713.466666666666667
2016-07-23,14.52
,10,12.014.8313.46666666666666713.466666666666667
2016-07-24,12.78
,10,12.014.8313.46666666666666713.466666666666667
2016-07-25,13.91
,10,12.014.8313.46666666666666713.466666666666667
2016-07-26,12
,10,12.014.8313.46666666666666713.466666666666667
2016-07-27,13.1
,11,8.7812.9311.66333333333333411.663333333333334
2016-07-28,12.93
,11,8.7812.9311.66333333333333411.663333333333334
2016-07-29,12.84
,11,8.7812.9311.66333333333333411.663333333333334
2016-07-30,12.49
,11,8.7812.9311.66333333333333411.663333333333334
2016-07-31,11.99
,11,8.7812.9311.66333333333333411.663333333333334
2016-08-01,10.95
,11,8.7812.9311.66333333333333411.663333333333334
2016-08-02,8.78
,11,8.7812.9311.66333333333333411.663333333333334
2016-08-03,10.68
,12,10.9912.2811.35333333333333311.353333333333333
2016-08-04,11.32
,12,10.9912.2811.35333333333333311.353333333333333
2016-08-05,11.18
,12,10.9912.2811.35333333333333311.353333333333333
2016-08-06,11.01
,12,10.9912.2811.35333333333333311.353333333333333
2016-08-07,10.99
,12,10.9912.2811.35333333333333311.353333333333333
2016-08-08,11.34
,12,10.9912.2811.35333333333333311.353333333333333
2016-08-09,12.28
,12,10.9912.2811.35333333333333311.353333333333333
2016-08-10,12.21
,13,11.1811.8111.48511.485
2016-08-11,11.73
,13,11.1811.8111.48511.485
2016-08-12,11.81
,13,11.1811.8111.48511.485
2016-08-13,11.61
,13,11.1811.8111.48511.485
2016-08-14,11.28
,13,11.1811.8111.48511.485
2016-08-15,11.3
,13,11.1811.8111.48511.485
2016-08-16,11.18
,13,11.1811.8111.48511.485
2016-08-17,10.82
,14,10.7711.311.02511.025
2016-08-18,10.77
,14,10.7711.311.02511.025
2016-08-19,10.77
,14,10.7711.311.02511.025
2016-08-20,11.3
,14,10.7711.311.02511.025
2016-08-21,11.21
,14,10.7711.311.02511.025
2016-08-22,11.1
,14,10.7711.311.02511.025
2016-08-23,11
,14,10.7711.311.02511.025
2016-08-24,11.01
,15,10.9511.3411.16166666666666711.161666666666667
2016-08-25,11.34
,15,10.9511.3411.16166666666666711.161666666666667
2016-08-26,11.28
,15,10.9511.3411.16166666666666711.161666666666667
2016-08-27,11.18
,15,10.9511.3411.16166666666666711.161666666666667
2016-08-28,11.01
,15,10.9511.3411.16166666666666711.161666666666667
2016-08-29,10.95
,15,10.9511.3411.16166666666666711.161666666666667
2016-08-30,11.21
,15,10.9511.3411.16166666666666711.161666666666667
2016-08-31,11.7
,16,11.7112.1511.88666666666666711.886666666666667
2016-09-01,12.05
,16,11.7112.1511.88666666666666711.886666666666667
2016-09-02,12.15
,16,11.7112.1511.88666666666666711.886666666666667
2016-09-03,11.88
,16,11.7112.1511.88666666666666711.886666666666667
2016-09-04,11.77
,16,11.7112.1511.88666666666666711.886666666666667
2016-09-05,11.76
,16,11.7112.1511.88666666666666711.886666666666667
2016-09-06,11.71
,16,11.7112.1511.88666666666666711.886666666666667
2016-09-07,11.58
,17,11.3912.2111.77833333333333411.778333333333334
2016-09-08,11.39
,17,11.3912.2111.77833333333333411.778333333333334
2016-09-09,11.64
,17,11.3912.2111.77833333333333411.778333333333334
2016-09-10,12.21
,17,11.3912.2111.77833333333333411.778333333333334
2016-09-11,11.65
,17,11.3912.2111.77833333333333411.778333333333334
2016-09-12,11.86
,17,11.3912.2111.77833333333333411.778333333333334
2016-09-13,11.92
,17,11.3912.2111.77833333333333411.778333333333334
2016-09-14,11.91
,18,11.9614.5612.9512.95
2016-09-15,11.96
,18,11.9614.5612.9512.95
2016-09-16,12.58
,18,11.9614.5612.9512.95
2016-09-17,12.79
,18,11.9614.5612.9512.95
2016-09-18,12.64
,18,11.9614.5612.9512.95
2016-09-19,13.17
,18,11.9614.5612.9512.95
2016-09-20,14.56
,18,11.9614.5612.9512.95
2016-09-21,13.76
,19,12.8413.3713.09833333333333313.098333333333333
2016-09-22,13.2
,19,12.8413.3713.09833333333333313.098333333333333
2016-09-23,13.37
,19,12.8413.3713.09833333333333313.098333333333333
2016-09-24,12.97
,19,12.8413.3713.09833333333333313.098333333333333
2016-09-25,13.12
,19,12.8413.3713.09833333333333313.098333333333333
2016-09-26,12.84
,19,12.8413.3713.09833333333333313.098333333333333
2016-09-27,13.09
,19,12.8413.3713.09833333333333313.098333333333333
2016-09-28,13.32
,20,13.1113.5113.27833333333333213.278333333333332
2016-09-29,13.11
,20,13.1113.5113.27833333333333213.278333333333332
2016-09-30,13.23
,20,13.1113.5113.27833333333333213.278333333333332
2016-10-01,13.22
,20,13.1113.5113.27833333333333213.278333333333332
2016-10-02,13.28
,20,13.1113.5113.27833333333333213.278333333333332
2016-10-03,13.51
,20,13.1113.5113.27833333333333213.278333333333332
2016-10-04,13.32
,20,13.1113.5113.27833333333333213.278333333333332
2016-10-05,13.09
,21,11.7712.8612.24512.245
2016-10-06,12.86
,21,11.7712.8612.24512.245
2016-10-07,12.7
,21,11.7712.8612.24512.245
2016-10-08,12.26
,21,11.7712.8612.24512.245
2016-10-09,12.1
,21,11.7712.8612.24512.245
2016-10-10,11.78
,21,11.7712.8612.24512.245
2016-10-11,11.77
,21,11.7712.8612.24512.245
2016-10-12,11.92
,22,11.8712.5412.03166666666666612.031666666666666
2016-10-13,11.87
,22,11.8712.5412.03166666666666612.031666666666666
2016-10-14,11.92
,22,11.8712.5412.03166666666666612.031666666666666
2016-10-15,11.95
,22,11.8712.5412.03166666666666612.031666666666666
2016-10-16,11.95
,22,11.8712.5412.03166666666666612.031666666666666
2016-10-17,11.96
,22,11.8712.5412.03166666666666612.031666666666666
2016-10-18,12.54
,22,11.8712.5412.03166666666666612.031666666666666
2016-10-19,12.01
,23,11.3312.0611.88833333333333411.888333333333334
2016-10-20,12.06
,23,11.3312.0611.88833333333333411.888333333333334
2016-10-21,12.05
,23,11.3312.0611.88833333333333411.888333333333334
2016-10-22,12.03
,23,11.3312.0611.88833333333333411.888333333333334
2016-10-23,11.94
,23,11.3312.0611.88833333333333411.888333333333334
2016-10-24,11.92
,23,11.3312.0611.88833333333333411.888333333333334
2016-10-25,11.33
,23,11.3312.0611.88833333333333411.888333333333334
2016-10-26,11.49
,24,10.4711.4811.01333333333333411.013333333333334
2016-10-27,11.48
,24,10.4711.4811.01333333333333411.013333333333334
2016-10-28,11.13
,24,10.4711.4811.01333333333333411.013333333333334
2016-10-29,10.47
,24,10.4711.4811.01333333333333411.013333333333334
2016-10-30,11.19
,24,10.4711.4811.01333333333333411.013333333333334
2016-10-31,10.97
,24,10.4711.4811.01333333333333411.013333333333334
2016-11-01,10.84
,24,10.4711.4811.01333333333333411.013333333333334
2016-11-02,10.83
,25,10.8411.1610.99333333333333210.993333333333332
2016-11-03,10.87
,25,10.8411.1610.99333333333333210.993333333333332
2016-11-04,11.15
,25,10.8411.1610.99333333333333210.993333333333332
2016-11-05,11.16
,25,10.8411.1610.99333333333333210.993333333333332
2016-11-06,11.01
,25,10.8411.1610.99333333333333210.993333333333332
2016-11-07,10.93
,25,10.8411.1610.99333333333333210.993333333333332
2016-11-08,10.84
,25,10.8411.1610.99333333333333210.993333333333332
2016-11-09,10.62
,26,9.9510.5110.19666666666666510.196666666666665
2016-11-10,10.51
,26,9.9510.5110.19666666666666510.196666666666665
2016-11-11,10.29
,26,9.9510.5110.19666666666666510.196666666666665
2016-11-12,9.95
,26,9.9510.5110.19666666666666510.196666666666665
2016-11-13,10.14
,26,9.9510.5110.19666666666666510.196666666666665
2016-11-14,10.02
,26,9.9510.5110.19666666666666510.196666666666665
2016-11-15,10.27
,26,9.9510.5110.19666666666666510.196666666666665
2016-11-16,10
,27,9.519.919.6849999999999999.684999999999999
2016-11-17,9.91
,27,9.519.919.6849999999999999.684999999999999
2016-11-18,9.51
,27,9.519.919.6849999999999999.684999999999999
2016-11-19,9.68
,27,9.519.919.6849999999999999.684999999999999
2016-11-20,9.6
,27,9.519.919.6849999999999999.684999999999999
2016-11-21,9.54
,27,9.519.919.6849999999999999.684999999999999
2016-11-22,9.87
,27,9.519.919.6849999999999999.684999999999999
2016-11-23,9.8
,28,8.149.48.958.95
2016-11-24,9.18
,28,8.149.48.958.95
2016-11-25,9.4
,28,8.149.48.958.95
2016-11-26,9.33
,28,8.149.48.958.95
2016-11-27,8.98
,28,8.149.48.958.95
2016-11-28,8.67
,28,8.149.48.958.95
2016-11-29,8.14
,28,8.149.48.958.95
2016-11-30,8.61
,29,6.758.457.6657.665
2016-12-01,8.45
,29,6.758.457.6657.665
2016-12-02,7.73
,29,6.758.457.6657.665
2016-12-03,7.86
,29,6.758.457.6657.665
2016-12-04,7.37
,29,6.758.457.6657.665
2016-12-05,6.75
,29,6.758.457.6657.665
2016-12-06,7.83
,29,6.758.457.6657.665
2016-12-07,8.35
,30,8.148.58.3258.325
2016-12-08,8.2
,30,8.148.58.3258.325
2016-12-09,8.47
,30,8.148.58.3258.325
2016-12-10,8.14
,30,8.148.58.3258.325
2016-12-11,8.23
,30,8.148.58.3258.325
2016-12-12,8.5
,30,8.148.58.3258.325
2016-12-13,8.41
,30,8.148.58.3258.325
2016-12-14,8.24
,31,7.647.927.7866666666666667.786666666666666
2016-12-15,7.83
,31,7.647.927.7866666666666667.786666666666666
2016-12-16,7.84
,31,7.647.927.7866666666666667.786666666666666
2016-12-17,7.85
,31,7.647.927.7866666666666667.786666666666666
2016-12-18,7.92
,31,7.647.927.7866666666666667.786666666666666
2016-12-19,7.64
,31,7.647.927.7866666666666667.786666666666666
2016-12-20,7.64
,31,7.647.927.7866666666666667.786666666666666
2016-12-21,7.91
,32,7.137.557.2516666666666677.251666666666667
2016-12-22,7.55
,32,7.137.557.2516666666666677.251666666666667
2016-12-23,7.13
,32,7.137.557.2516666666666677.251666666666667
2016-12-24,7.22
,32,7.137.557.2516666666666677.251666666666667
2016-12-25,7.19
,32,7.137.557.2516666666666677.251666666666667
2016-12-26,7.26
,32,7.137.557.2516666666666677.251666666666667
2016-12-27,7.16
,32,7.137.557.2516666666666677.251666666666667
2016-12-28,7.62
,33,8.169.598.4683333333333348.468333333333334
2016-12-29,8.29
,33,8.169.598.4683333333333348.468333333333334
2016-12-30,8.21
,33,8.169.598.4683333333333348.468333333333334
2016-12-31,8.16
,33,8.169.598.4683333333333348.468333333333334
2017-01-01,8.18
,33,8.169.598.4683333333333348.468333333333334
2017-01-02,8.38
,33,8.169.598.4683333333333348.468333333333334
2017-01-03,9.59
,33,8.169.598.4683333333333348.468333333333334
2017-01-04,11.17
,34,9.9210.6310.30166666666666810.301666666666668
2017-01-05,10.23
,34,9.9210.6310.30166666666666810.301666666666668
2017-01-06,10.14
,34,9.9210.6310.30166666666666810.301666666666668
2017-01-07,9.92
,34,9.9210.6310.30166666666666810.301666666666668
2017-01-08,10.5
,34,9.9210.6310.30166666666666810.301666666666668
2017-01-09,10.39
,34,9.9210.6310.30166666666666810.301666666666668
2017-01-10,10.63
,34,9.9210.6310.30166666666666810.301666666666668
2017-01-11,9.95
,35,9.6610.349.99.9
2017-01-12,9.8
,35,9.6610.349.99.9
2017-01-13,9.84
,35,9.6610.349.99.9
2017-01-14,9.86
,35,9.6610.349.99.9
2017-01-15,9.9
,35,9.6610.349.99.9
2017-01-16,9.66
,35,9.6610.349.99.9
2017-01-17,10.34
,35,9.6610.349.99.9
2017-01-18,10.23
,36,10.4210.9310.68510.685
2017-01-19,10.42
,36,10.4210.9310.68510.685
2017-01-20,10.62
,36,10.4210.9310.68510.685
2017-01-21,10.93
,36,10.4210.9310.68510.685
2017-01-22,10.77
,36,10.4210.9310.68510.685
2017-01-23,10.8
,36,10.4210.9310.68510.685
2017-01-24,10.57
,36,10.4210.9310.68510.685
2017-01-25,10.55
,37,10.4910.710.58666666666666610.586666666666666
2017-01-26,10.6
,37,10.4910.710.58666666666666610.586666666666666
2017-01-27,10.55
,37,10.4910.710.58666666666666610.586666666666666
2017-01-28,10.58
,37,10.4910.710.58666666666666610.586666666666666
2017-01-29,10.49
,37,10.4910.710.58666666666666610.586666666666666
2017-01-30,10.6
,37,10.4910.710.58666666666666610.586666666666666
2017-01-31,10.7
,37,10.4910.710.58666666666666610.586666666666666
2017-02-01,10.72
,38,10.8211.5111.22166666666666811.221666666666668
2017-02-02,10.82
,38,10.8211.5111.22166666666666811.221666666666668
2017-02-03,10.99
,38,10.8211.5111.22166666666666811.221666666666668
2017-02-04,11.41
,38,10.8211.5111.22166666666666811.221666666666668
2017-02-05,11.26
,38,10.8211.5111.22166666666666811.221666666666668
2017-02-06,11.34
,38,10.8211.5111.22166666666666811.221666666666668
2017-02-07,11.51
,38,10.8211.5111.22166666666666811.221666666666668
2017-02-08,11.41
,39,11.0213.1411.67333333333333411.673333333333334
2017-02-09,11.02
,39,11.0213.1411.67333333333333411.673333333333334
2017-02-10,11.43
,39,11.0213.1411.67333333333333411.673333333333334
2017-02-11,11.52
,39,11.0213.1411.67333333333333411.673333333333334
2017-02-12,11.5
,39,11.0213.1411.67333333333333411.673333333333334
2017-02-13,11.43
,39,11.0213.1411.67333333333333411.673333333333334
2017-02-14,13.14
,39,11.0213.1411.67333333333333411.673333333333334
2017-02-15,12.98
,40,12.6112.912.81166666666666712.811666666666667
2017-02-16,12.89
,40,12.6112.912.81166666666666712.811666666666667
2017-02-17,12.75
,40,12.6112.912.81166666666666712.811666666666667
2017-02-18,12.89
,40,12.6112.912.81166666666666712.811666666666667
2017-02-19,12.9
,40,12.6112.912.81166666666666712.811666666666667
2017-02-20,12.61
,40,12.6112.912.81166666666666712.811666666666667
2017-02-21,12.83
,40,12.6112.912.81166666666666712.811666666666667
2017-02-22,12.75
,41,13.216.414.47666666666666714.476666666666667
2017-02-23,13.21
,41,13.216.414.47666666666666714.476666666666667
2017-02-24,13.2
,41,13.216.414.47666666666666714.476666666666667
2017-02-25,13.65
,41,13.216.414.47666666666666714.476666666666667
2017-02-26,14.74
,41,13.216.414.47666666666666714.476666666666667
2017-02-27,15.66
,41,13.216.414.47666666666666714.476666666666667
2017-02-28,16.4
,41,13.216.414.47666666666666714.476666666666667
2017-03-01,17.37
,42,18.6519.6819.27333333333333319.273333333333333
2017-03-02,19.27
,42,18.6519.6819.27333333333333319.273333333333333
2017-03-03,19.68
,42,18.6519.6819.27333333333333319.273333333333333
2017-03-04,18.65
,42,18.6519.6819.27333333333333319.273333333333333
2017-03-05,19.4
,42,18.6519.6819.27333333333333319.273333333333333
2017-03-06,19.68
,42,18.6519.6819.27333333333333319.273333333333333
2017-03-07,18.96
,42,18.6519.6819.27333333333333319.273333333333333
2017-03-08,16.68
,43,17.8228.6923.2323.23
2017-03-09,17.82
,43,17.8228.6923.2323.23
2017-03-10,19.2
,43,17.8228.6923.2323.23
2017-03-11,21.64
,43,17.8228.6923.2323.23
2017-03-12,23.39
,43,17.8228.6923.2323.23
2017-03-13,28.64
,43,17.8228.6923.2323.23
2017-03-14,28.69
,43,17.8228.6923.2323.23
2017-03-15,35.65
,44,33.6445.9642.01666666666666642.016666666666666
2017-03-16,45.96
,44,33.6445.9642.01666666666666642.016666666666666
2017-03-17,44.62
,44,33.6445.9642.01666666666666642.016666666666666
2017-03-18,33.64
,44,33.6445.9642.01666666666666642.016666666666666
2017-03-19,43.21
,44,33.6445.9642.01666666666666642.016666666666666
2017-03-20,42.31
,44,33.6445.9642.01666666666666642.016666666666666
2017-03-21,42.36
,44,33.6445.9642.01666666666666642.016666666666666
2017-03-22,41.37
,45,42.9952.9349.40333333333333649.403333333333336
2017-03-23,42.99
,45,42.9952.9349.40333333333333649.403333333333336
2017-03-24,52.93
,45,42.9952.9349.40333333333333649.403333333333336
2017-03-25,50.5
,45,42.9952.9349.40333333333333649.403333333333336
2017-03-26,50.73
,45,42.9952.9349.40333333333333649.403333333333336
2017-03-27,48.97
,45,42.9952.9349.40333333333333649.403333333333336
2017-03-28,50.3
,45,42.9952.9349.40333333333333649.403333333333336
2017-03-29,53.1
,46,44.2551.8848.3716666666666748.37166666666667
2017-03-30,51.88
,46,44.2551.8848.3716666666666748.37166666666667
2017-03-31,50.18
,46,44.2551.8848.3716666666666748.37166666666667
2017-04-01,50.71
,46,44.2551.8848.3716666666666748.37166666666667
2017-04-02,48.74
,46,44.2551.8848.3716666666666748.37166666666667
2017-04-03,44.25
,46,44.2551.8848.3716666666666748.37166666666667
2017-04-04,44.47
,46,44.2551.8848.3716666666666748.37166666666667
2017-04-05,44.78
,47,42.3244.4543.62333333333333543.623333333333335
2017-04-06,43.3
,47,42.3244.4543.62333333333333543.623333333333335
2017-04-07,42.32
,47,42.3244.4543.62333333333333543.623333333333335
2017-04-08,44.45
,47,42.3244.4543.62333333333333543.623333333333335
2017-04-09,43.92
,47,42.3244.4543.62333333333333543.623333333333335
2017-04-10,43.92
,47,42.3244.4543.62333333333333543.623333333333335
2017-04-11,43.83
,47,42.3244.4543.62333333333333543.623333333333335
2017-04-12,46.48
,48,47.249.7948.6283333333333348.62833333333333
2017-04-13,49.77
,48,47.249.7948.6283333333333348.62833333333333
2017-04-14,47.2
,48,47.249.7948.6283333333333348.62833333333333
2017-04-15,48.94
,48,47.249.7948.6283333333333348.62833333333333
2017-04-16,48.13
,48,47.249.7948.6283333333333348.62833333333333
2017-04-17,47.94
,48,47.249.7948.6283333333333348.62833333333333
2017-04-18,49.79
,48,47.249.7948.6283333333333348.62833333333333
2017-04-19,47.78
,49,48.3750.3149.29166666666666449.291666666666664
2017-04-20,49.38
,49,48.3750.3149.29166666666666449.291666666666664
2017-04-21,48.37
,49,48.3750.3149.29166666666666449.291666666666664
2017-04-22,48.61
,49,48.3750.3149.29166666666666449.291666666666664
2017-04-23,48.96
,49,48.3750.3149.29166666666666449.291666666666664
2017-04-24,50.12
,49,48.3750.3149.29166666666666449.291666666666664
2017-04-25,50.31
,49,48.3750.3149.29166666666666449.291666666666664
2017-04-26,53.42
,50,63.6780.8774.1633333333333374.16333333333333
2017-04-27,63.67
,50,63.6780.8774.1633333333333374.16333333333333
2017-04-28,73.14
,50,63.6780.8774.1633333333333374.16333333333333
2017-04-29,70.4
,50,63.6780.8774.1633333333333374.16333333333333
2017-04-30,80.87
,50,63.6780.8774.1633333333333374.16333333333333
2017-05-01,79.35
,50,63.6780.8774.1633333333333374.16333333333333
2017-05-02,77.55
,50,63.6780.8774.1633333333333374.16333333333333
2017-05-03,81.29
,51,86.5895.9792.2316666666666792.23166666666667
2017-05-04,95.97
,51,86.5895.9792.2316666666666792.23166666666667
2017-05-05,91.93
,51,86.5895.9792.2316666666666792.23166666666667
2017-05-06,95.84
,51,86.5895.9792.2316666666666792.23166666666667
2017-05-07,93.82
,51,86.5895.9792.2316666666666792.23166666666667
2017-05-08,89.25
,51,86.5895.9792.2316666666666792.23166666666667
2017-05-09,86.58
,51,86.5895.9792.2316666666666792.23166666666667
2017-05-10,88.36
,52,85.1791.088.3766666666666788.37666666666667
2017-05-11,88.3
,52,85.1791.088.3766666666666788.37666666666667
2017-05-12,85.17
,52,85.1791.088.3766666666666788.37666666666667
2017-05-13,88.42
,52,85.1791.088.3766666666666788.37666666666667
2017-05-14,89.39
,52,85.1791.088.3766666666666788.37666666666667
2017-05-15,91
,52,85.1791.088.3766666666666788.37666666666667
2017-05-16,87.98
,52,85.1791.088.3766666666666788.37666666666667
2017-05-17,86.88
,53,96.2169.95137.3137.3
2017-05-18,96.2
,53,96.2169.95137.3137.3
2017-05-19,125.14
,53,96.2169.95137.3137.3
2017-05-20,123.63
,53,96.2169.95137.3137.3
2017-05-21,148.78
,53,96.2169.95137.3137.3
2017-05-22,160.1
,53,96.2169.95137.3137.3
2017-05-23,169.95
,53,96.2169.95137.3137.3
2017-05-24,196.06
,54,159.91228.69184.035184.035
2017-05-25,181.51
,54,159.91228.69184.035184.035
2017-05-26,163.8
,54,159.91228.69184.035184.035
2017-05-27,159.91
,54,159.91228.69184.035184.035
2017-05-28,175.48
,54,159.91228.69184.035184.035
2017-05-29,194.82
,54,159.91228.69184.035184.035
2017-05-30,228.69
,54,159.91228.69184.035184.035
2017-05-31,229.14
,55,221.91264.22237.77237.77
2017-06-01,221.91
,55,221.91264.22237.77237.77
2017-06-02,222.04
,55,221.91264.22237.77237.77
2017-06-03,224.95
,55,221.91264.22237.77237.77
2017-06-04,245.5
,55,221.91264.22237.77237.77
2017-06-05,248
,55,221.91264.22237.77237.77
2017-06-06,264.22
,55,221.91264.22237.77237.77
2017-06-07,255.68
,56,258.64397.37334.43333333333334334.43333333333334
2017-06-08,258.64
,56,258.64397.37334.43333333333334334.43333333333334
2017-06-09,279.38
,56,258.64397.37334.43333333333334334.43333333333334
2017-06-10,340.2
,56,258.64397.37334.43333333333334334.43333333333334
2017-06-11,343.01
,56,258.64397.37334.43333333333334334.43333333333334
2017-06-12,397.37
,56,258.64397.37334.43333333333334334.43333333333334
2017-06-13,388
,56,258.64397.37334.43333333333334334.43333333333334
2017-06-14,341.7
,57,343.71368.98354.7416666666667354.7416666666667
2017-06-15,343.71
,57,343.71368.98354.7416666666667354.7416666666667
2017-06-16,354.26
,57,343.71368.98354.7416666666667354.7416666666667
2017-06-17,368.98
,57,343.71368.98354.7416666666667354.7416666666667
2017-06-18,351.85
,57,343.71368.98354.7416666666667354.7416666666667
2017-06-19,358.71
,57,343.71368.98354.7416666666667354.7416666666667
2017-06-20,350.94
,57,343.71368.98354.7416666666667354.7416666666667
2017-06-21,325.41
,58,252.99326.99295.0366666666667295.0366666666667
2017-06-22,320.02
,58,252.99326.99295.0366666666667295.0366666666667
2017-06-23,326.99
,58,252.99326.99295.0366666666667295.0366666666667
2017-06-24,304.5
,58,252.99326.99295.0366666666667295.0366666666667
2017-06-25,278.49
,58,252.99326.99295.0366666666667295.0366666666667
2017-06-26,252.99
,58,252.99326.99295.0366666666667295.0366666666667
2017-06-27,287.23
,58,252.99326.99295.0366666666667295.0366666666667
2017-06-28,315.32
,59,263.12292.95277.78277.78
2017-06-29,292.95
,59,263.12292.95277.78277.78
2017-06-30,280.04
,59,263.12292.95277.78277.78
2017-07-01,263.12
,59,263.12292.95277.78277.78
2017-07-02,285
,59,263.12292.95277.78277.78
2017-07-03,276.37
,59,263.12292.95277.78277.78
2017-07-04,269.2
,59,263.12292.95277.78277.78
2017-07-05,266.27
,60,190.57266.01231.02833333333334231.02833333333334
2017-07-06,266.01
,60,190.57266.01231.02833333333334231.02833333333334
2017-07-07,241.28
,60,190.57266.01231.02833333333334231.02833333333334
2017-07-08,246.64
,60,190.57266.01231.02833333333334231.02833333333334
2017-07-09,238.81
,60,190.57266.01231.02833333333334231.02833333333334
2017-07-10,202.86
,60,190.57266.01231.02833333333334231.02833333333334
2017-07-11,190.57
,60,190.57266.01231.02833333333334231.02833333333334
2017-07-12,224.04
,61,155.68227.01190.585190.585
2017-07-13,205
,61,155.68227.01190.585190.585
2017-07-14,197.23
,61,155.68227.01190.585190.585
2017-07-15,167.72
,61,155.68227.01190.585190.585
2017-07-16,155.68
,61,155.68227.01190.585190.585
2017-07-17,190.87
,61,155.68227.01190.585190.585
2017-07-18,227.01
,61,155.68227.01190.585190.585
2017-07-19,194.74
,62,203.78230.69221.9221.9
2017-07-20,226.06
,62,203.78230.69221.9221.9
2017-07-21,216.6
,62,203.78230.69221.9221.9
2017-07-22,230.69
,62,203.78230.69221.9221.9
2017-07-23,228.31
,62,203.78230.69221.9221.9
2017-07-24,225.96
,62,203.78230.69221.9221.9
2017-07-25,203.78
,62,203.78230.69221.9221.9
2017-07-26,203.23
,63,190.72225.73203.84333333333333203.84333333333333
2017-07-27,202.94
,63,190.72225.73203.84333333333333203.84333333333333
2017-07-28,190.72
,63,190.72225.73203.84333333333333203.84333333333333
2017-07-29,205.9
,63,190.72225.73203.84333333333333203.84333333333333
2017-07-30,196.95
,63,190.72225.73203.84333333333333203.84333333333333
2017-07-31,200.82
,63,190.72225.73203.84333333333333203.84333333333333
2017-08-01,225.73
,63,190.72225.73203.84333333333333203.84333333333333
2017-08-02,217.92
,64,220.72295.95254.39666666666665254.39666666666665
2017-08-03,224
,64,220.72295.95254.39666666666665254.39666666666665
2017-08-04,220.72
,64,220.72295.95254.39666666666665254.39666666666665
2017-08-05,251.85
,64,220.72295.95254.39666666666665254.39666666666665
2017-08-06,263.96
,64,220.72295.95254.39666666666665254.39666666666665
2017-08-07,269.9
,64,220.72295.95254.39666666666665254.39666666666665
2017-08-08,295.95
,64,220.72295.95254.39666666666665254.39666666666665
2017-08-09,295.26
,65,286.71309.65300.17333333333335300.17333333333335
2017-08-10,300.51
,65,286.71309.65300.17333333333335300.17333333333335
2017-08-11,309.65
,65,286.71309.65300.17333333333335300.17333333333335
2017-08-12,308.35
,65,286.71309.65300.17333333333335300.17333333333335
2017-08-13,296.66
,65,286.71309.65300.17333333333335300.17333333333335
2017-08-14,299.16
,65,286.71309.65300.17333333333335300.17333333333335
2017-08-15,286.71
,65,286.71309.65300.17333333333335300.17333333333335
2017-08-16,300.45
,66,292.87322.0303.51666666666665303.51666666666665
2017-08-17,300.67
,66,292.87322.0303.51666666666665303.51666666666665
2017-08-18,292.87
,66,292.87322.0303.51666666666665303.51666666666665
2017-08-19,293.58
,66,292.87322.0303.51666666666665303.51666666666665
2017-08-20,297.79
,66,292.87322.0303.51666666666665303.51666666666665
2017-08-21,322
,66,292.87322.0303.51666666666665303.51666666666665
2017-08-22,314.19
,66,292.87322.0303.51666666666665303.51666666666665
2017-08-23,317.5
,67,324.56372.48342.65166666666664342.65166666666664
2017-08-24,324.56
,67,324.56372.48342.65166666666664342.65166666666664
2017-08-25,330.14
,67,324.56372.48342.65166666666664342.65166666666664
2017-08-26,332.99
,67,324.56372.48342.65166666666664342.65166666666664
2017-08-27,348.2
,67,324.56372.48342.65166666666664342.65166666666664
2017-08-28,347.54
,67,324.56372.48342.65166666666664342.65166666666664
2017-08-29,372.48
,67,324.56372.48342.65166666666664342.65166666666664
2017-08-30,384.1
,68,316.86392.87354.49354.49
2017-08-31,389.2
,68,316.86392.87354.49354.49
2017-09-01,392.87
,68,316.86392.87354.49354.49
2017-09-02,354.87
,68,316.86392.87354.49354.49
2017-09-03,353.06
,68,316.86392.87354.49354.49
2017-09-04,316.86
,68,316.86392.87354.49354.49
2017-09-05,320.08
,68,316.86392.87354.49354.49
2017-09-06,339.38
,69,294.5335.56306.96833333333336306.96833333333336
2017-09-07,335.56
,69,294.5335.56306.96833333333336306.96833333333336
2017-09-08,307.96
,69,294.5335.56306.96833333333336306.96833333333336
2017-09-09,304.99
,69,294.5335.56306.96833333333336306.96833333333336
2017-09-10,300.33
,69,294.5335.56306.96833333333336306.96833333333336
2017-09-11,298.47
,69,294.5335.56306.96833333333336306.96833333333336
2017-09-12,294.5
,69,294.5335.56306.96833333333336306.96833333333336
2017-09-13,275.71
,70,223.85298.0263.505263.505
2017-09-14,223.85
,70,223.85298.0263.505263.505
2017-09-15,260.88
,70,223.85298.0263.505263.505
2017-09-16,255.84
,70,223.85298.0263.505263.505
2017-09-17,259.66
,70,223.85298.0263.505263.505
2017-09-18,298
,70,223.85298.0263.505263.505
2017-09-19,282.8
,70,223.85298.0263.505263.505
2017-09-20,283.55
,71,258.11294.41279.0683333333333279.0683333333333
2017-09-21,258.11
,71,258.11294.41279.0683333333333279.0683333333333
2017-09-22,263.88
,71,258.11294.41279.0683333333333279.0683333333333
2017-09-23,286.03
,71,258.11294.41279.0683333333333279.0683333333333
2017-09-24,283.21
,71,258.11294.41279.0683333333333279.0683333333333
2017-09-25,294.41
,71,258.11294.41279.0683333333333279.0683333333333
2017-09-26,288.77
,71,258.11294.41279.0683333333333279.0683333333333
2017-09-27,309.85
,72,291.88303.25298.0183333333333298.0183333333333
2017-09-28,302.33
,72,291.88303.25298.0183333333333298.0183333333333
2017-09-29,291.88
,72,291.88303.25298.0183333333333298.0183333333333
2017-09-30,301.57
,72,291.88303.25298.0183333333333298.0183333333333
2017-10-01,303.25
,72,291.88303.25298.0183333333333298.0183333333333
2017-10-02,296.72
,72,291.88303.25298.0183333333333298.0183333333333
2017-10-03,292.36
,72,291.88303.25298.0183333333333298.0183333333333
2017-10-04,292
,73,294.89311.12302.98833333333334302.98833333333334
2017-10-05,294.89
,73,294.89311.12302.98833333333334302.98833333333334
2017-10-06,307.73
,73,294.89311.12302.98833333333334302.98833333333334
2017-10-07,311.12
,73,294.89311.12302.98833333333334302.98833333333334
2017-10-08,309.2
,73,294.89311.12302.98833333333334302.98833333333334
2017-10-09,297
,73,294.89311.12302.98833333333334302.98833333333334
2017-10-10,297.99
,73,294.89311.12302.98833333333334302.98833333333334
2017-10-11,302
,74,302.12338.37327.3333333333333327.3333333333333
2017-10-12,302.12
,74,302.12338.37327.3333333333333327.3333333333333
2017-10-13,335.89
,74,302.12338.37327.3333333333333327.3333333333333
2017-10-14,338.37
,74,302.12338.37327.3333333333333327.3333333333333
2017-10-15,336.89
,74,302.12338.37327.3333333333333327.3333333333333
2017-10-16,334.36
,74,302.12338.37327.3333333333333327.3333333333333
2017-10-17,316.37
,74,302.12338.37327.3333333333333327.3333333333333
2017-10-18,313.59
,75,285.83308.02298.18833333333333298.18833333333333
2017-10-19,308.02
,75,285.83308.02298.18833333333333298.18833333333333
2017-10-20,303.15
,75,285.83308.02298.18833333333333298.18833333333333
2017-10-21,300
,75,285.83308.02298.18833333333333298.18833333333333
2017-10-22,295.14
,75,285.83308.02298.18833333333333298.18833333333333
2017-10-23,285.83
,75,285.83308.02298.18833333333333298.18833333333333
2017-10-24,296.99
,75,285.83308.02298.18833333333333298.18833333333333
2017-10-25,296.76
,76,295.11306.87300.40666666666664300.40666666666664
2017-10-26,295.98
,76,295.11306.87300.40666666666664300.40666666666664
2017-10-27,297.59
,76,295.11306.87300.40666666666664300.40666666666664
2017-10-28,295.11
,76,295.11306.87300.40666666666664300.40666666666664
2017-10-29,303.38
,76,295.11306.87300.40666666666664300.40666666666664
2017-10-30,306.87
,76,295.11306.87300.40666666666664300.40666666666664
2017-10-31,303.51
,76,295.11306.87300.40666666666664300.40666666666664
2017-11-01,290.82
,77,285.4306.0296.56166666666667296.56166666666667
2017-11-02,285.4
,77,285.4306.0296.56166666666667296.56166666666667
2017-11-03,306
,77,285.4306.0296.56166666666667296.56166666666667
2017-11-04,301.66
,77,285.4306.0296.56166666666667296.56166666666667
2017-11-05,296.57
,77,285.4306.0296.56166666666667296.56166666666667
2017-11-06,297.32
,77,285.4306.0296.56166666666667296.56166666666667
2017-11-07,292.42
,77,285.4306.0296.56166666666667296.56166666666667
2017-11-08,307.91
,78,298.04335.04315.35833333333335315.35833333333335
2017-11-09,320.72
,78,298.04335.04315.35833333333335315.35833333333335
2017-11-10,298.04
,78,298.04335.04315.35833333333335315.35833333333335
2017-11-11,315.69
,78,298.04335.04315.35833333333335315.35833333333335
2017-11-12,307.1
,78,298.04335.04315.35833333333335315.35833333333335
2017-11-13,315.56
,78,298.04335.04315.35833333333335315.35833333333335
2017-11-14,335.04
,78,298.04335.04315.35833333333335315.35833333333335
2017-11-15,331.81
,79,330.21368.24348.90999999999997348.90999999999997
2017-11-16,330.21
,79,330.21368.24348.90999999999997348.90999999999997
2017-11-17,332.31
,79,330.21368.24348.90999999999997348.90999999999997
2017-11-18,346.6
,79,330.21368.24348.90999999999997348.90999999999997
2017-11-19,354.59
,79,330.21368.24348.90999999999997348.90999999999997
2017-11-20,368.24
,79,330.21368.24348.90999999999997348.90999999999997
2017-11-21,361.51
,79,330.21368.24348.90999999999997348.90999999999997
2017-11-22,381.73
,80,406.61477.53460.73333333333335460.73333333333335
2017-11-23,406.61
,80,406.61477.53460.73333333333335460.73333333333335
2017-11-24,470.98
,80,406.61477.53460.73333333333335460.73333333333335
2017-11-25,466.77
,80,406.61477.53460.73333333333335460.73333333333335
2017-11-26,473.99
,80,406.61477.53460.73333333333335460.73333333333335
2017-11-27,477.53
,80,406.61477.53460.73333333333335460.73333333333335
2017-11-28,468.52
,80,406.61477.53460.73333333333335460.73333333333335
2017-11-29,434.01
,81,434.0468.22458.11333333333334458.11333333333334
2017-11-30,434
,81,434.0468.22458.11333333333334458.11333333333334
2017-12-01,463.82
,81,434.0468.22458.11333333333334458.11333333333334
2017-12-02,460.34
,81,434.0468.22458.11333333333334458.11333333333334
2017-12-03,465
,81,434.0468.22458.11333333333334458.11333333333334
2017-12-04,468.22
,81,434.0468.22458.11333333333334458.11333333333334
2017-12-05,457.3
,81,434.0468.22458.11333333333334458.11333333333334
2017-12-06,432.49
,82,433.28686.82505.68333333333334505.68333333333334
2017-12-07,433.28
,82,433.28686.82505.68333333333334505.68333333333334
2017-12-08,463.45
,82,433.28686.82505.68333333333334505.68333333333334
2017-12-09,485.04
,82,433.28686.82505.68333333333334505.68333333333334
2017-12-10,447.51
,82,433.28686.82505.68333333333334505.68333333333334
2017-12-11,518
,82,433.28686.82505.68333333333334505.68333333333334
2017-12-12,686.82
,82,433.28686.82505.68333333333334505.68333333333334
2017-12-13,711.94
,83,693.5826.65741.0966666666667741.0966666666667
2017-12-14,705.01
,83,693.5826.65741.0966666666667741.0966666666667
2017-12-15,693.5
,83,693.5826.65741.0966666666667741.0966666666667
2017-12-16,703.59
,83,693.5826.65741.0966666666667741.0966666666667
2017-12-17,732.18
,83,693.5826.65741.0966666666667741.0966666666667
2017-12-18,785.65
,83,693.5826.65741.0966666666667741.0966666666667
2017-12-19,826.65
,83,693.5826.65741.0966666666667741.0966666666667
2017-12-20,802.86
,84,682.11796.98734.0833333333334734.0833333333334
2017-12-21,796.98
,84,682.11796.98734.0833333333334734.0833333333334
2017-12-22,682.11
,84,682.11796.98734.0833333333334734.0833333333334
2017-12-23,732.8
,84,682.11796.98734.0833333333334734.0833333333334
2017-12-24,697.04
,84,682.11796.98734.0833333333334734.0833333333334
2017-12-25,740.5
,84,682.11796.98734.0833333333334734.0833333333334
2017-12-26,755.07
,84,682.11796.98734.0833333333334734.0833333333334
2017-12-27,739.99
,85,710.58865.0757.3783333333333757.3783333333333
2017-12-28,719.5
,85,710.58865.0757.3783333333333757.3783333333333
2017-12-29,748.89
,85,710.58865.0757.3783333333333757.3783333333333
2017-12-30,710.58
,85,710.58865.0757.3783333333333757.3783333333333
2017-12-31,741.27
,85,710.58865.0757.3783333333333757.3783333333333
2018-01-01,759.03
,85,710.58865.0757.3783333333333757.3783333333333
2018-01-02,865
,85,710.58865.0757.3783333333333757.3783333333333
2018-01-03,938.31
,86,949.01290.011078.37833333333331078.3783333333333
2018-01-04,949
,86,949.01290.011078.37833333333331078.3783333333333
2018-01-05,969.27
,86,949.01290.011078.37833333333331078.3783333333333
2018-01-06,1006.68
,86,949.01290.011078.37833333333331078.3783333333333
2018-01-07,1118.3
,86,949.01290.011078.37833333333331078.3783333333333
2018-01-08,1137.01
,86,949.01290.011078.37833333333331078.3783333333333
2018-01-09,1290.01
,86,949.01290.011078.37833333333331078.3783333333333
2018-01-10,1246.94
,87,1080.01386.021251.18666666666671251.1866666666667
2018-01-11,1137.01
,87,1080.01386.021251.18666666666671251.1866666666667
2018-01-12,1260
,87,1080.01386.021251.18666666666671251.1866666666667
2018-01-13,1386.02
,87,1080.01386.021251.18666666666671251.1866666666667
2018-01-14,1365.46
,87,1080.01386.021251.18666666666671251.1866666666667
2018-01-15,1278.63
,87,1080.01386.021251.18666666666671251.1866666666667
2018-01-16,1080
,87,1080.01386.021251.18666666666671251.1866666666667
2018-01-17,1028.06
,88,984.031150.021040.68166666666661040.6816666666666
2018-01-18,1025.78
,88,984.031150.021040.68166666666661040.6816666666666
2018-01-19,1037.45
,88,984.031150.021040.68166666666661040.6816666666666
2018-01-20,1150.02
,88,984.031150.021040.68166666666661040.6816666666666
2018-01-21,1047.13
,88,984.031150.021040.68166666666661040.6816666666666
2018-01-22,999.68
,88,984.031150.021040.68166666666661040.6816666666666
2018-01-23,984.03
,88,984.031150.021040.68166666666661040.6816666666666
2018-01-24,1056.99
,89,1040.01215.011102.87333333333341102.8733333333334
2018-01-25,1040
,89,1040.01215.011102.87333333333341102.8733333333334
2018-01-26,1045.57
,89,1040.01215.011102.87333333333341102.8733333333334
2018-01-27,1100
,89,1040.01215.011102.87333333333341102.8733333333334
2018-01-28,1215.01
,89,1040.01215.011102.87333333333341102.8733333333334
2018-01-29,1162.27
,89,1040.01215.011102.87333333333341102.8733333333334
2018-01-30,1054.39
,89,1040.01215.011102.87333333333341102.8733333333334
2018-01-31,1105.01
,90,693.541017.48867.04867.04
2018-02-01,1017.48
,90,693.541017.48867.04867.04
2018-02-02,911.99
,90,693.541017.48867.04867.04
2018-02-03,969.4
,90,693.541017.48867.04867.04
2018-02-04,826
,90,693.541017.48867.04867.04
2018-02-05,693.54
,90,693.541017.48867.04867.04
2018-02-06,783.83
,90,693.541017.48867.04867.04
2018-02-07,750.04
,91,811.35875.99842.2833333333333842.2833333333333
2018-02-08,812
,91,811.35875.99842.2833333333333842.2833333333333
2018-02-09,875.99
,91,811.35875.99842.2833333333333842.2833333333333
2018-02-10,849.47
,91,811.35875.99842.2833333333333842.2833333333333
2018-02-11,811.35
,91,811.35875.99842.2833333333333842.2833333333333
2018-02-12,864.4
,91,811.35875.99842.2833333333333842.2833333333333
2018-02-13,840.49
,91,811.35875.99842.2833333333333842.2833333333333
2018-02-14,920.26
,92,884.76974.99929.415929.415
2018-02-15,929.3
,92,884.76974.99929.415929.415
2018-02-16,936.02
,92,884.76974.99929.415929.415
2018-02-17,974.99
,92,884.76974.99929.415929.415
2018-02-18,912.41
,92,884.76974.99929.415929.415
2018-02-19,939.01
,92,884.76974.99929.415929.415
2018-02-20,884.76
,92,884.76974.99929.415929.415
2018-02-21,840.34
,93,806.0871.07845.5550000000001845.5550000000001
2018-02-22,806
,93,806.0871.07845.5550000000001845.5550000000001
2018-02-23,854.01
,93,806.0871.07845.5550000000001845.5550000000001
2018-02-24,833.2
,93,806.0871.07845.5550000000001845.5550000000001
2018-02-25,841.96
,93,806.0871.07845.5550000000001845.5550000000001
2018-02-26,867.09
,93,806.0871.07845.5550000000001845.5550000000001
2018-02-27,871.07
,93,806.0871.07845.5550000000001845.5550000000001
2018-02-28,849.99
,94,815.43868.74850.565850.565
2018-03-01,868.74
,94,815.43868.74850.565850.565
2018-03-02,854.31
,94,815.43868.74850.565850.565
2018-03-03,854.34
,94,815.43868.74850.565850.565
2018-03-04,861.74
,94,815.43868.74850.565850.565
2018-03-05,848.83
,94,815.43868.74850.565850.565
2018-03-06,815.43
,94,815.43868.74850.565850.565
2018-03-07,751.38
,95,683.6728.82702.9916666666667702.9916666666667
2018-03-08,698.83
,95,683.6728.82702.9916666666667702.9916666666667
2018-03-09,728.82
,95,683.6728.82702.9916666666667702.9916666666667
2018-03-10,683.6
,95,683.6728.82702.9916666666667702.9916666666667
2018-03-11,719.8
,95,683.6728.82702.9916666666667702.9916666666667
2018-03-12,696.51
,95,683.6728.82702.9916666666667702.9916666666667
2018-03-13,690.39
,95,683.6728.82702.9916666666667702.9916666666667
2018-03-14,614.62
,96,538.0610.99568.85568.85
2018-03-15,610.99
,96,538.0610.99568.85568.85
2018-03-16,600.77
,96,538.0610.99568.85568.85
2018-03-17,549.79
,96,538.0610.99568.85568.85
2018-03-18,538
,96,538.0610.99568.85568.85
2018-03-19,555.55
,96,538.0610.99568.85568.85
2018-03-20,558
,96,538.0610.99568.85568.85
2018-03-21,559.98
,97,449.0543.04510.1333333333333510.1333333333333
2018-03-22,539.89
,97,449.0543.04510.1333333333333510.1333333333333
2018-03-23,543.04
,97,449.0543.04510.1333333333333510.1333333333333
2018-03-24,519.57
,97,449.0543.04510.1333333333333510.1333333333333
2018-03-25,522.55
,97,449.0543.04510.1333333333333510.1333333333333
2018-03-26,486.75
,97,449.0543.04510.1333333333333510.1333333333333
2018-03-27,449
,97,449.0543.04510.1333333333333510.1333333333333
2018-03-28,445.47
,98,378.18416.38391.80833333333334391.80833333333334
2018-03-29,383.29
,98,378.18416.38391.80833333333334391.80833333333334
2018-03-30,394.46
,98,378.18416.38391.80833333333334391.80833333333334
2018-03-31,394.54
,98,378.18416.38391.80833333333334391.80833333333334
2018-04-01,378.18
,98,378.18416.38391.80833333333334391.80833333333334
2018-04-02,384
,98,378.18416.38391.80833333333334391.80833333333334
2018-04-03,416.38
,98,378.18416.38391.80833333333334391.80833333333334
2018-04-04,378.43
,99,370.32415.45391.72333333333336391.72333333333336
2018-04-05,381.26
,99,370.32415.45391.72333333333336391.72333333333336
2018-04-06,370.32
,99,370.32415.45391.72333333333336391.72333333333336
2018-04-07,384.61
,99,370.32415.45391.72333333333336391.72333333333336
2018-04-08,399.9
,99,370.32415.45391.72333333333336391.72333333333336
2018-04-09,398.8
,99,370.32415.45391.72333333333336391.72333333333336
2018-04-10,415.45
,99,370.32415.45391.72333333333336391.72333333333336
2018-04-11,430.81
,100,493.41533.74506.4116666666667506.4116666666667
2018-04-12,493.41
,100,493.41533.74506.4116666666667506.4116666666667
2018-04-13,495.22
,100,493.41533.74506.4116666666667506.4116666666667
2018-04-14,502.4
,100,493.41533.74506.4116666666667506.4116666666667
2018-04-15,533.74
,100,493.41533.74506.4116666666667506.4116666666667
2018-04-16,511.28
,100,493.41533.74506.4116666666667506.4116666666667
2018-04-17,502.42
,100,493.41533.74506.4116666666667506.4116666666667
2018-04-18,525.89
,101,567.29703.38625.9866666666667625.9866666666667
2018-04-19,567.29
,101,567.29703.38625.9866666666667625.9866666666667
2018-04-20,617.17
,101,567.29703.38625.9866666666667625.9866666666667
2018-04-21,605.16
,101,567.29703.38625.9866666666667625.9866666666667
2018-04-22,620.07
,101,567.29703.38625.9866666666667625.9866666666667
2018-04-23,642.85
,101,567.29703.38625.9866666666667625.9866666666667
2018-04-24,703.38
,101,567.29703.38625.9866666666667625.9866666666667
2018-04-25,617.49
,102,642.77687.51668.9733333333334668.9733333333334
2018-04-26,661
,102,642.77687.51668.9733333333334668.9733333333334
2018-04-27,642.77
,102,642.77687.51668.9733333333334668.9733333333334
2018-04-28,682
,102,642.77687.51668.9733333333334668.9733333333334
2018-04-29,687.51
,102,642.77687.51668.9733333333334668.9733333333334
2018-04-30,669.81
,102,642.77687.51668.9733333333334668.9733333333334
2018-05-01,670.75
,102,642.77687.51668.9733333333334668.9733333333334
2018-05-02,685.02
,103,746.99812.0775.7116666666667775.7116666666667
2018-05-03,775.51
,103,746.99812.0775.7116666666667775.7116666666667
2018-05-04,783.01
,103,746.99812.0775.7116666666667775.7116666666667
2018-05-05,812
,103,746.99812.0775.7116666666667775.7116666666667
2018-05-06,784.33
,103,746.99812.0775.7116666666667775.7116666666667
2018-05-07,752.43
,103,746.99812.0775.7116666666667775.7116666666667
2018-05-08,746.99
,103,746.99812.0775.7116666666667775.7116666666667
2018-05-09,750
,104,678.05729.29708.0816666666667708.0816666666667
2018-05-10,723.51
,104,678.05729.29708.0816666666667708.0816666666667
2018-05-11,678.05
,104,678.05729.29708.0816666666667708.0816666666667
2018-05-12,684.66
,104,678.05729.29708.0816666666667708.0816666666667
2018-05-13,729.29
,104,678.05729.29708.0816666666667708.0816666666667
2018-05-14,726.9
,104,678.05729.29708.0816666666667708.0816666666667
2018-05-15,706.08
,104,678.05729.29708.0816666666667708.0816666666667
2018-05-16,707.45
,105,640.5714.0685.0483333333333685.0483333333333
2018-05-17,668.56
,105,640.5714.0685.0483333333333685.0483333333333
2018-05-18,694.5
,105,640.5714.0685.0483333333333685.0483333333333
2018-05-19,695.96
,105,640.5714.0685.0483333333333685.0483333333333
2018-05-20,714
,105,640.5714.0685.0483333333333685.0483333333333
2018-05-21,696.77
,105,640.5714.0685.0483333333333685.0483333333333
2018-05-22,640.5
,105,640.5714.0685.0483333333333685.0483333333333
2018-05-23,577.2
,106,511.33602.64570.0649999999999570.0649999999999
2018-05-24,602.64
,106,511.33602.64570.0649999999999570.0649999999999
2018-05-25,584.02
,106,511.33602.64570.0649999999999570.0649999999999
2018-05-26,584.99
,106,511.33602.64570.0649999999999570.0649999999999
2018-05-27,570.75
,106,511.33602.64570.0649999999999570.0649999999999
2018-05-28,511.33
,106,511.33602.64570.0649999999999570.0649999999999
2018-05-29,566.66
,106,511.33602.64570.0649999999999570.0649999999999
2018-05-30,557.22
,107,577.1618.63594.03594.03
2018-05-31,577.1
,107,577.1618.63594.03594.03
2018-06-01,578.89
,107,577.1618.63594.03594.03
2018-06-02,590.46
,107,577.1618.63594.03594.03
2018-06-03,618.63
,107,577.1618.63594.03594.03
2018-06-04,591.5
,107,577.1618.63594.03594.03
2018-06-05,607.6
,107,577.1618.63594.03594.03
2018-06-06,606.18
,108,494.14603.56557.77557.77
2018-06-07,603.56
,108,494.14603.56557.77557.77
2018-06-08,598.59
,108,494.14603.56557.77557.77
2018-06-09,593.4
,108,494.14603.56557.77557.77
2018-06-10,525.25
,108,494.14603.56557.77557.77
2018-06-11,531.68
,108,494.14603.56557.77557.77
2018-06-12,494.14
,108,494.14603.56557.77557.77
2018-06-13,476.02
,109,487.45538.5509.49666666666667509.49666666666667
2018-06-14,519.75
,109,487.45538.5509.49666666666667509.49666666666667
2018-06-15,487.45
,109,487.45538.5509.49666666666667509.49666666666667
2018-06-16,497.31
,109,487.45538.5509.49666666666667509.49666666666667
2018-06-17,496.5
,109,487.45538.5509.49666666666667509.49666666666667
2018-06-18,517.47
,109,487.45538.5509.49666666666667509.49666666666667
2018-06-19,538.5
,109,487.45538.5509.49666666666667509.49666666666667
2018-06-20,535.99
,110,429.08525.49467.4916666666667467.4916666666667
2018-06-21,525.49
,110,429.08525.49467.4916666666667467.4916666666667
2018-06-22,462.01
,110,429.08525.49467.4916666666667467.4916666666667
2018-06-23,475.17
,110,429.08525.49467.4916666666667467.4916666666667
2018-06-24,454.79
,110,429.08525.49467.4916666666667467.4916666666667
2018-06-25,458.41
,110,429.08525.49467.4916666666667467.4916666666667
2018-06-26,429.08
,110,429.08525.49467.4916666666667467.4916666666667
2018-06-27,441.41
,111,420.0476.34449.5683333333333449.5683333333333
2018-06-28,420.0
,111,420.0476.34449.5683333333333449.5683333333333
2018-06-29,434.6
,111,420.0476.34449.5683333333333449.5683333333333
2018-06-30,453.29
,111,420.0476.34449.5683333333333449.5683333333333
2018-07-01,451.43
,111,420.0476.34449.5683333333333449.5683333333333
2018-07-02,476.34
,111,420.0476.34449.5683333333333449.5683333333333
2018-07-03,461.75
,111,420.0476.34449.5683333333333449.5683333333333
2018-07-04,466.9
,112,432.59486.08468.55468.55
2018-07-05,467.25
,112,432.59486.08468.55468.55
2018-07-06,469.3
,112,432.59486.08468.55468.55
2018-07-07,484.48
,112,432.59486.08468.55468.55
2018-07-08,486.08
,112,432.59486.08468.55468.55
2018-07-09,471.6
,112,432.59486.08468.55468.55
2018-07-10,432.59
,112,432.59486.08468.55468.55
2018-07-11,446.25
,113,431.46499.01454.165454.165
2018-07-12,431.46
,113,431.46499.01454.165454.165
2018-07-13,432.8
,113,431.46499.01454.165454.165
2018-07-14,434.13
,113,431.46499.01454.165454.165
2018-07-15,449.41
,113,431.46499.01454.165454.165
2018-07-16,478.18
,113,431.46499.01454.165454.165
2018-07-17,499.01
,113,431.46499.01454.165454.165
2018-07-18,478.81
,114,448.21478.79460.465460.465
2018-07-19,468.39
,114,448.21478.79460.465460.465
2018-07-20,448.21
,114,448.21478.79460.465460.465
2018-07-21,461.5
,114,448.21478.79460.465460.465
2018-07-22,456.9
,114,448.21478.79460.465460.465
2018-07-23,449.0
,114,448.21478.79460.465460.465
2018-07-24,478.79
,114,448.21478.79460.465460.465
2018-07-25,470.81
,115,432.35469.3458.9433333333333458.9433333333333
2018-07-26,461.42
,115,432.35469.3458.9433333333333458.9433333333333
2018-07-27,469.3
,115,432.35469.3458.9433333333333458.9433333333333
2018-07-28,468.12
,115,432.35469.3458.9433333333333458.9433333333333
2018-07-29,466.01
,115,432.35469.3458.9433333333333458.9433333333333
2018-07-30,456.46
,115,432.35469.3458.9433333333333458.9433333333333
2018-07-31,432.35
,115,432.35469.3458.9433333333333458.9433333333333
2018-08-01,419.6
,116,378.08417.8404.5683333333333404.5683333333333
2018-08-02,410.71
,116,378.08417.8404.5683333333333404.5683333333333
2018-08-03,417.8
,116,378.08417.8404.5683333333333404.5683333333333
2018-08-04,407.0
,116,378.08417.8404.5683333333333404.5683333333333
2018-08-05,408.83
,116,378.08417.8404.5683333333333404.5683333333333
2018-08-06,404.99
,116,378.08417.8404.5683333333333404.5683333333333
2018-08-07,378.08
,116,378.08417.8404.5683333333333404.5683333333333
2018-08-08,355.7
,117,279.4363.99315.77666666666664315.77666666666664
2018-08-09,363.99
,117,279.4363.99315.77666666666664315.77666666666664
2018-08-10,330.99
,117,279.4363.99315.77666666666664315.77666666666664
2018-08-11,318.02
,117,279.4363.99315.77666666666664315.77666666666664
2018-08-12,318.15
,117,279.4363.99315.77666666666664315.77666666666664
2018-08-13,284.11
,117,279.4363.99315.77666666666664315.77666666666664
2018-08-14,279.4
,117,279.4363.99315.77666666666664315.77666666666664
2018-08-15,281.21
,118,270.76317.54292.18333333333334292.18333333333334
2018-08-16,286.67
,118,270.76317.54292.18333333333334292.18333333333334
2018-08-17,317.54
,118,270.76317.54292.18333333333334292.18333333333334
2018-08-18,296.61
,118,270.76317.54292.18333333333334292.18333333333334
2018-08-19,300.03
,118,270.76317.54292.18333333333334292.18333333333334
2018-08-20,270.76
,118,270.76317.54292.18333333333334292.18333333333334
2018-08-21,281.49
,118,270.76317.54292.18333333333334292.18333333333334
2018-08-22,270.47
,119,274.25295.39282.13666666666666282.13666666666666
2018-08-23,275.87
,119,274.25295.39282.13666666666666282.13666666666666
2018-08-24,281.35
,119,274.25295.39282.13666666666666282.13666666666666
2018-08-25,277.97
,119,274.25295.39282.13666666666666282.13666666666666
2018-08-26,274.25
,119,274.25295.39282.13666666666666282.13666666666666
2018-08-27,287.99
,119,274.25295.39282.13666666666666282.13666666666666
2018-08-28,295.39
,119,274.25295.39282.13666666666666282.13666666666666
2018-08-29,289.0
,120,281.94295.06288.365288.365
2018-08-30,284.52
,120,281.94295.06288.365288.365
2018-08-31,281.94
,120,281.94295.06288.365288.365
2018-09-01,294.64
,120,281.94295.06288.365288.365
2018-09-02,295.06
,120,281.94295.06288.365288.365
2018-09-03,288.6
,120,281.94295.06288.365288.365
2018-09-04,285.43
,120,281.94295.06288.365288.365
2018-09-05,227.56
,121,185.15229.03203.20666666666668203.20666666666668
2018-09-06,229.03
,121,185.15229.03203.20666666666668203.20666666666668
2018-09-07,215.21
,121,185.15229.03203.20666666666668203.20666666666668
2018-09-08,197.0
,121,185.15229.03203.20666666666668203.20666666666668
2018-09-09,195.91
,121,185.15229.03203.20666666666668203.20666666666668
2018-09-10,196.94
,121,185.15229.03203.20666666666668203.20666666666668
2018-09-11,185.15
,121,185.15229.03203.20666666666668203.20666666666668
2018-09-12,182.79
,122,195.97221.69211.29211.29
2018-09-13,211.39
,122,195.97221.69211.29211.29
2018-09-14,210.0
,122,195.97221.69211.29211.29
2018-09-15,221.69
,122,195.97221.69211.29211.29
2018-09-16,220.19
,122,195.97221.69211.29211.29
2018-09-17,195.97
,122,195.97221.69211.29211.29
2018-09-18,208.5
,122,195.97221.69211.29211.29
2018-09-19,209.81
,123,219.19247.76234.07166666666666234.07166666666666
2018-09-20,224.41
,123,219.19247.76234.07166666666666234.07166666666666
2018-09-21,247.76
,123,219.19247.76234.07166666666666234.07166666666666
2018-09-22,240.71
,123,219.19247.76234.07166666666666234.07166666666666
2018-09-23,244.35
,123,219.19247.76234.07166666666666234.07166666666666
2018-09-24,228.01
,123,219.19247.76234.07166666666666234.07166666666666
2018-09-25,219.19
,123,219.19247.76234.07166666666666234.07166666666666
2018-09-26,214.15
,124,220.67232.27228.03333333333333228.03333333333333
2018-09-27,229.0
,124,220.67232.27228.03333333333333228.03333333333333
2018-09-28,220.67
,124,220.67232.27228.03333333333333228.03333333333333
2018-09-29,231.01
,124,220.67232.27228.03333333333333228.03333333333333
2018-09-30,232.27
,124,220.67232.27228.03333333333333228.03333333333333
2018-10-01,230.4
,124,220.67232.27228.03333333333333228.03333333333333
2018-10-02,224.85
,124,220.67232.27228.03333333333333228.03333333333333
2018-10-03,219.01
,125,221.0227.68225.065225.065
2018-10-04,221.0
,125,221.0227.68225.065225.065
2018-10-05,226.89
,125,221.0227.68225.065225.065
2018-10-06,223.85
,125,221.0227.68225.065225.065
2018-10-07,224.82
,125,221.0227.68225.065225.065
2018-10-08,227.68
,125,221.0227.68225.065225.065
2018-10-09,226.15
,125,221.0227.68225.065225.065
2018-10-10,223.61
,126,188.32205.43196.82833333333332196.82833333333332
2018-10-11,188.32
,126,188.32205.43196.82833333333332196.82833333333332
2018-10-12,194.1
,126,188.32205.43196.82833333333332196.82833333333332
2018-10-13,196.72
,126,188.32205.43196.82833333333332196.82833333333332
2018-10-14,191.87
,126,188.32205.43196.82833333333332196.82833333333332
2018-10-15,204.53
,126,188.32205.43196.82833333333332196.82833333333332
2018-10-16,205.43
,126,188.32205.43196.82833333333332196.82833333333332
2018-10-17,203.21
,127,199.2202.69201.06333333333333201.06333333333333
2018-10-18,199.2
,127,199.2202.69201.06333333333333201.06333333333333
2018-10-19,200.0
,127,199.2202.69201.06333333333333201.06333333333333
2018-10-20,202.69
,127,199.2202.69201.06333333333333201.06333333333333
2018-10-21,202.12
,127,199.2202.69201.06333333333333201.06333333333333
2018-10-22,201.25
,127,199.2202.69201.06333333333333201.06333333333333
2018-10-23,201.12
,127,199.2202.69201.06333333333333201.06333333333333
2018-10-24,200.68
,128,194.31202.43198.98333333333335198.98333333333335
2018-10-25,199.65
,128,194.31202.43198.98333333333335198.98333333333335
2018-10-26,200.7
,128,194.31202.43198.98333333333335198.98333333333335
2018-10-27,201.46
,128,194.31202.43198.98333333333335198.98333333333335
2018-10-28,202.43
,128,194.31202.43198.98333333333335198.98333333333335
2018-10-29,194.31
,128,194.31202.43198.98333333333335198.98333333333335
2018-10-30,195.35
,128,194.31202.43198.98333333333335198.98333333333335
2018-10-31,196.95
,129,197.96218.65205.55205.55
2018-11-01,197.96
,129,197.96218.65205.55205.55
2018-11-02,199.75
,129,197.96218.65205.55205.55
2018-11-03,198.35
,129,197.96218.65205.55205.55
2018-11-04,210.06
,129,197.96218.65205.55205.55
2018-11-05,208.53
,129,197.96218.65205.55205.55
2018-11-06,218.65
,129,197.96218.65205.55205.55
2018-11-07,216.84
,130,203.2210.34208.415208.415
2018-11-08,210.34
,130,203.2210.34208.415208.415
2018-11-09,208.01
,130,203.2210.34208.415208.415
2018-11-10,210.29
,130,203.2210.34208.415208.415
2018-11-11,209.88
,130,203.2210.34208.415208.415
2018-11-12,208.77
,130,203.2210.34208.415208.415
2018-11-13,203.2
,130,203.2210.34208.415208.415
2018-11-14,177.79
,131,127.55178.89162.06833333333333162.06833333333333
2018-11-15,178.89
,131,127.55178.89162.06833333333333162.06833333333333
2018-11-16,172.4
,131,127.55178.89162.06833333333333162.06833333333333
2018-11-17,172.49
,131,127.55178.89162.06833333333333162.06833333333333
2018-11-18,175.87
,131,127.55178.89162.06833333333333162.06833333333333
2018-11-19,145.21
,131,127.55178.89162.06833333333333162.06833333333333
2018-11-20,127.55
,131,127.55178.89162.06833333333333162.06833333333333
2018-11-21,134.73
,132,106.95123.25114.13333333333333114.13333333333333
2018-11-22,123.25
,132,106.95123.25114.13333333333333114.13333333333333
2018-11-23,121.44
,132,106.95123.25114.13333333333333114.13333333333333
2018-11-24,110.16
,132,106.95123.25114.13333333333333114.13333333333333
2018-11-25,114.3
,132,106.95123.25114.13333333333333114.13333333333333
2018-11-26,106.95
,132,106.95123.25114.13333333333333114.13333333333333
2018-11-27,108.7
,132,106.95123.25114.13333333333333114.13333333333333
2018-11-28,121.94
,133,107.21116.82112.57166666666666112.57166666666666
2018-11-29,116.38
,133,107.21116.82112.57166666666666112.57166666666666
2018-11-30,111.65
,133,107.21116.82112.57166666666666112.57166666666666
2018-12-01,116.82
,133,107.21116.82112.57166666666666112.57166666666666
2018-12-02,114.76
,133,107.21116.82112.57166666666666112.57166666666666
2018-12-03,107.21
,133,107.21116.82112.57166666666666112.57166666666666
2018-12-04,108.61
,133,107.21116.82112.57166666666666112.57166666666666
2018-12-05,100.76
,134,86.9692.7990.0850000000000190.08500000000001
2018-12-06,89.09
,134,86.9692.7990.0850000000000190.08500000000001
2018-12-07,92.45
,134,86.9692.7990.0850000000000190.08500000000001
2018-12-08,89.99
,134,86.9692.7990.0850000000000190.08500000000001
2018-12-09,92.79
,134,86.9692.7990.0850000000000190.08500000000001
2018-12-10,89.23
,134,86.9692.7990.0850000000000190.08500000000001
2018-12-11,86.96
,134,86.9692.7990.0850000000000190.08500000000001
2018-12-12,89.09
,135,83.0101.088.3183333333333388.31833333333333
2018-12-13,85.35
,135,83.0101.088.3183333333333388.31833333333333
2018-12-14,83.0
,135,83.0101.088.3183333333333388.31833333333333
2018-12-15,83.03
,135,83.0101.088.3183333333333388.31833333333333
2018-12-16,83.74
,135,83.0101.088.3183333333333388.31833333333333
2018-12-17,93.79
,135,83.0101.088.3183333333333388.31833333333333
2018-12-18,101.0
,135,83.0101.088.3183333333333388.31833333333333
2018-12-19,99.34
,136,107.74139.09122.645122.645
2018-12-20,114.52
,136,107.74139.09122.645122.645
2018-12-21,107.74
,136,107.74139.09122.645122.645
2018-12-22,116.09
,136,107.74139.09122.645122.645
2018-12-23,129.61
,136,107.74139.09122.645122.645
2018-12-24,139.09
,136,107.74139.09122.645122.645
2018-12-25,128.82
,136,107.74139.09122.645122.645
2018-12-26,130.47
,137,114.63139.75132.44333333333333132.44333333333333
2018-12-27,114.63
,137,114.63139.75132.44333333333333132.44333333333333
2018-12-28,136.82
,137,114.63139.75132.44333333333333132.44333333333333
2018-12-29,134.15
,137,114.63139.75132.44333333333333132.44333333333333
2018-12-30,138.78
,137,114.63139.75132.44333333333333132.44333333333333
2018-12-31,130.53
,137,114.63139.75132.44333333333333132.44333333333333
2019-01-01,139.75
,137,114.63139.75132.44333333333333132.44333333333333
2019-01-02,153.5
,138,147.23155.92151.69833333333332151.69833333333332
2019-01-03,147.23
,138,147.23155.92151.69833333333332151.69833333333332
2019-01-04,153.24
,138,147.23155.92151.69833333333332151.69833333333332
2019-01-05,154.21
,138,147.23155.92151.69833333333332151.69833333333332
2019-01-06,155.92
,138,147.23155.92151.69833333333332151.69833333333332
2019-01-07,150.62
,138,147.23155.92151.69833333333332151.69833333333332
2019-01-08,148.97
,138,147.23155.92151.69833333333332151.69833333333332
2019-01-09,149.5
,139,115.58128.37123.46333333333334123.46333333333334
2019-01-10,126.41
,139,115.58128.37123.46333333333334123.46333333333334
2019-01-11,125.83
,139,115.58128.37123.46333333333334123.46333333333334
2019-01-12,124.59
,139,115.58128.37123.46333333333334123.46333333333334
2019-01-13,115.58
,139,115.58128.37123.46333333333334123.46333333333334
2019-01-14,128.37
,139,115.58128.37123.46333333333334123.46333333333334
2019-01-15,120.0
,139,115.58128.37123.46333333333334123.46333333333334
2019-01-16,122.12
,140,115.86123.17119.43666666666667119.43666666666667
2019-01-17,122.55
,140,115.86123.17119.43666666666667119.43666666666667
2019-01-18,119.53
,140,115.86123.17119.43666666666667119.43666666666667
2019-01-19,123.17
,140,115.86123.17119.43666666666667119.43666666666667
2019-01-20,117.43
,140,115.86123.17119.43666666666667119.43666666666667
2019-01-21,115.86
,140,115.86123.17119.43666666666667119.43666666666667
2019-01-22,118.08
,140,115.86123.17119.43666666666667119.43666666666667
2019-01-23,116.55
,141,104.02116.4111.2111.2
2019-01-24,116.4
,141,104.02116.4111.2111.2
2019-01-25,114.95
,141,104.02116.4111.2111.2
2019-01-26,115.01
,141,104.02116.4111.2111.2
2019-01-27,111.35
,141,104.02116.4111.2111.2
2019-01-28,105.47
,141,104.02116.4111.2111.2
2019-01-29,104.02
,141,104.02116.4111.2111.2
2019-01-30,107.61
,142,105.79109.3106.49833333333333106.49833333333333
2019-01-31,105.79
,142,105.79109.3106.49833333333333106.49833333333333
2019-02-01,105.88
,142,105.79109.3106.49833333333333106.49833333333333
2019-02-02,109.3
,142,105.79109.3106.49833333333333106.49833333333333
2019-02-03,105.94
,142,105.79109.3106.49833333333333106.49833333333333
2019-02-04,106.08
,142,105.79109.3106.49833333333333106.49833333333333
2019-02-05,106.0
,142,105.79109.3106.49833333333333106.49833333333333
2019-02-06,103.36
,143,103.21123.94117.25666666666666117.25666666666666
2019-02-07,103.21
,143,103.21123.94117.25666666666666117.25666666666666
2019-02-08,117.96
,143,103.21123.94117.25666666666666117.25666666666666
2019-02-09,118.06
,143,103.21123.94117.25666666666666117.25666666666666
2019-02-10,123.94
,143,103.21123.94117.25666666666666117.25666666666666
2019-02-11,119.55
,143,103.21123.94117.25666666666666117.25666666666666
2019-02-12,120.82
,143,103.21123.94117.25666666666666117.25666666666666
2019-02-13,120.74
,144,119.39144.62130.17000000000002130.17000000000002
2019-02-14,119.39
,144,119.39144.62130.17000000000002130.17000000000002
2019-02-15,120.42
,144,119.39144.62130.17000000000002130.17000000000002
2019-02-16,121.56
,144,119.39144.62130.17000000000002130.17000000000002
2019-02-17,132.34
,144,119.39144.62130.17000000000002130.17000000000002
2019-02-18,144.62
,144,119.39144.62130.17000000000002130.17000000000002
2019-02-19,142.69
,144,119.39144.62130.17000000000002130.17000000000002
2019-02-20,147.19
,145,131.76157.56142.25166666666667142.25166666666667
2019-02-21,144.21
,145,131.76157.56142.25166666666667142.25166666666667
2019-02-22,146.68
,145,131.76157.56142.25166666666667142.25166666666667
2019-02-23,157.56
,145,131.76157.56142.25166666666667142.25166666666667
2019-02-24,131.76
,145,131.76157.56142.25166666666667142.25166666666667
2019-02-25,137.64
,145,131.76157.56142.25166666666667142.25166666666667
2019-02-26,135.66
,145,131.76157.56142.25166666666667142.25166666666667
2019-02-27,134.46
,146,125.24136.3132.14132.14
2019-02-28,134.48
,146,125.24136.3132.14132.14
2019-03-01,134.72
,146,125.24136.3132.14132.14
2019-03-02,132.32
,146,125.24136.3132.14132.14
2019-03-03,129.78
,146,125.24136.3132.14132.14
2019-03-04,125.24
,146,125.24136.3132.14132.14
2019-03-05,136.3
,146,125.24136.3132.14132.14
2019-03-06,137.0
,147,132.05136.41134.16134.16
2019-03-07,136.29
,147,132.05136.41134.16134.16
2019-03-08,132.75
,147,132.05136.41134.16134.16
2019-03-09,136.41
,147,132.05136.41134.16134.16
2019-03-10,134.66
,147,132.05136.41134.16134.16
2019-03-11,132.05
,147,132.05136.41134.16134.16
2019-03-12,132.8
,147,132.05136.41134.16134.16
2019-03-13,131.16
,148,131.4140.48136.85136.85
2019-03-14,131.4
,148,131.4140.48136.85136.85
2019-03-15,135.99
,148,131.4140.48136.85136.85
2019-03-16,140.48
,148,131.4140.48136.85136.85
2019-03-17,138.07
,148,131.4140.48136.85136.85
2019-03-18,137.01
,148,131.4140.48136.85136.85
2019-03-19,138.15
,148,131.4140.48136.85136.85
2019-03-20,138.73
,149,133.01136.52134.70333333333332134.70333333333332
2019-03-21,134.41
,149,133.01136.52134.70333333333332134.70333333333332
2019-03-22,135.63
,149,133.01136.52134.70333333333332134.70333333333332
2019-03-23,136.52
,149,133.01136.52134.70333333333332134.70333333333332
2019-03-24,135.37
,149,133.01136.52134.70333333333332134.70333333333332
2019-03-25,133.01
,149,133.01136.52134.70333333333332134.70333333333332
2019-03-26,133.28
,149,133.01136.52134.70333333333332134.70333333333332
2019-03-27,139.08
,150,137.46164.69144.88333333333333144.88333333333333
2019-03-28,137.46
,150,137.46164.69144.88333333333333144.88333333333333
2019-03-29,142.83
,150,137.46164.69144.88333333333333144.88333333333333
2019-03-30,142.12
,150,137.46164.69144.88333333333333144.88333333333333
2019-03-31,141.2
,150,137.46164.69144.88333333333333144.88333333333333
2019-04-01,141.0
,150,137.46164.69144.88333333333333144.88333333333333
2019-04-02,164.69
,150,137.46164.69144.88333333333333144.88333333333333
2019-04-03,161.33
,151,157.65180.74170.155170.155
2019-04-04,157.65
,151,157.65180.74170.155170.155
2019-04-05,166.08
,151,157.65180.74170.155170.155
2019-04-06,165.79
,151,157.65180.74170.155170.155
2019-04-07,174.84
,151,157.65180.74170.155170.155
2019-04-08,180.74
,151,157.65180.74170.155170.155
2019-04-09,175.83
,151,157.65180.74170.155170.155
2019-04-10,177.55
,152,164.27177.55168.91333333333333168.91333333333333
2019-04-11,164.92
,152,164.27177.55168.91333333333333168.91333333333333
2019-04-12,164.27
,152,164.27177.55168.91333333333333168.91333333333333
